{"settings":{"mineral":"apatite","habit":"hexagonal (2T)","standardson":"on"},"prefix":"SS","std":{"Ca":{"isotope":43,"conc":10000,"ratio":null},"P":{"isotope":31,"conc":10000,"ratio":null},"Si":{"isotope":29,"conc":10,"ratio":null},"Zr":{"isotope":null,"conc":null,"ratio":null},"Hf":{"isotope":null,"conc":null,"ratio":null},"Sr":{"isotope":null,"conc":null,"ratio":null},"Mn":{"isotope":null,"conc":null,"ratio":null},"Y":{"isotope":null,"conc":null,"ratio":null},"Cl":{"isotope":35,"conc":1000,"ratio":null},"Sm":{"isotope":147,"conc":1,"ratio":null}},"spk":{"U":{"isotope":235,"conc":25.87,"ratio":16.2},"Th":{"isotope":230,"conc":32.78,"ratio":250},"Sm":{"isotope":null,"conc":null,"ratio":null}},"smp":{"sname":["SS1","SS2","SS3","SS4","SS5","SS6","DUR35","DUR36","DUR37","DUR38","B201","B202","B203","B204","B205","B206","B207","B208","B209","B210","B211","B212","B213","B214","B215","B216","B217","B218","B219","B220"],"spkvol":["","","","","","","0.0533","0.0539","0.0575","0.0536","0.0537","0.0544","0.0549","0.0542","0.0546","0.055","0.0545","0.0536","0.0538","0.0563","0.0539","0.0545","0.0537","0.0542","0.0539","0.0541","0.0537","0.0547","0.0546","0.0538"],"length":["","","","","","","","","","","182.8","236.2","201.4","171.4","200.6","265.5","198.6","258.3","207.3","216.3","182","224.2","232.2","231.5","236.5","196.1","193.9","214.1","209.5","190.3"],"width":["","","","","","","","","","","97.2","104.5","107.6","87.8","105.6","92","95.6","102.2","110.5","103.8","104.6","118.7","101.8","121.9","86.3","78.5","86.5","102","107.2","90.7"],"height":["","","","","","","","","","","91.4","100.7","101","87.5","100.9","90","90.8","90.4","101.6","90.5","95.6","110.6","95.2","110.7","85.6","86.4","90.4","98.7","102.4","90"],"HEdat":{"He":{"4":{"signal":[0,0,0,0,0,0,0.7675,1.0069,1.0928,0.4272,0.0229,0.0445,0.0213,0.0079,0.0214,0.0471,0.0156,0.055,0.0273,0.0145,0.0122,0.0044,0.1645,0.0384,0.0407,0.0268,0.0011,0.0214,0.015,0.0108],"err":[0,0,0,0,0,0,0.0058,0.007553807,0.008149847,0.003420526,0.001272792,0.001345362,0.001272792,0.001272792,0.001272792,0.001345362,0.001272792,0.001345362,0.001272792,0.001272792,0.001272792,0.001272792,0.001802776,0.001345362,0.001414214,0.001414214,0.001272792,0.001345362,0.001345362,0.001272792]}}},"ICPdat":{"U":{"235":{"signal":[213.5311765,226.1780882,249.6098529,188.6279412,286.9633824,262.1105882,150047.3541,146316.8006,156392.8993,145480.3907,145999.4928,146931.2046,148570.4763,147949.3346,148551.6531,148947.9819,147394.7622,145989.6135,146291.1251,151700.7632,145965.5338,145914.6088,145597.8728,146486.5924,147173.81,148003.6318,145362.8675,146914.2969,148984.4974,145617.7353],"err":[40.59715233,39.13482071,48.71442578,34.85244155,53.27084848,42.67665085,1878.627382,2065.556508,1984.572424,2266.13858,2030.116817,2326.729833,1781.157787,1726.841084,2010.089141,2301.942664,1724.423152,2123.128972,1586.852924,1859.991887,1785.722972,2377.254779,1931.445722,2000.5993,2015.123142,1945.575074,1938.192178,2079.066302,1947.013258,2124.427446]},"238":{"signal":[75919.21456,78889.01926,75613.63676,74382.23779,77937.68809,77353.68074,25579.22926,30775.40956,34765.47515,19642.03676,30746.01824,38497.14897,31147.45059,11405.67956,41290.3525,43377.31809,25468.02088,67368.97147,28139.91074,29914.22544,23720.04765,19841.84029,49744.23,51531.03662,62148.44515,32080.915,9027.028824,43627.11324,21538.95441,23431.97721],"err":[1468.817615,1471.546903,1218.463521,1266.566281,1445.929034,1288.738549,608.9775273,591.8935491,790.2099974,532.9684933,659.6044378,760.631039,604.1264439,422.9852025,1022.62244,920.7505771,574.9615647,1200.400801,622.2612358,666.8443248,538.4266122,504.374717,950.7922135,932.2453422,1088.96543,793.1686954,295.2475606,943.5469939,533.0847885,552.1020528]}},"Th":{"230":{"signal":[413.9269118,160.2448529,387.0635294,159.7060294,394.6126471,225.9329412,177306.7637,173416.441,184810.6766,172545.575,170652.8043,171214.8691,173696.8307,172175.7888,174016.259,175141.8247,173483.8949,171327.9088,171632.7893,179485.3924,170738.1562,172273.7141,169706.9596,172991.0056,170097.9787,174355.1806,170213.299,173306.8428,174924.3425,171347.4849],"err":[79.74244607,29.50839645,70.69036998,30.94862045,82.93953517,49.40162569,2050.337543,1823.748707,2145.242758,2030.236144,2447.04597,1894.095701,2182.847736,2483.222064,2440.588406,2025.830789,2268.226561,2149.863505,2504.921271,2162.24038,2040.497841,1948.999068,2001.651349,2093.339607,2153.352438,2016.679314,2128.067384,1868.335789,1985.502098,2215.570777]},"232":{"signal":[69431.77515,72193.73897,71385.29412,71032.28147,73468.39235,73982.93676,304326.3051,391098.3672,426161.3731,166539.4435,17448.05824,38813.22044,13225.58221,13802.53897,21406.87618,78101.82176,12912.60765,38281.87044,13180.39956,18106.505,5763.017794,25559.69574,55644.99676,51000.38162,21617.89294,51751.67029,4948.334853,41678.59882,7510.650441,22097.58794],"err":[1113.038651,1092.005971,1098.08659,1291.760293,1233.71831,1080.304238,4069.691458,3702.315207,5234.92863,2455.611544,460.7898461,850.3922015,389.6280758,474.3767028,480.9035833,1293.749373,394.8528912,719.9149719,431.6987969,449.2450007,265.6929972,619.4206896,1018.845917,947.1954435,492.0148549,931.5989434,213.3915594,735.9911962,250.899361,509.8436237]}},"Ca":{"43":{"signal":[802308.4646,878886.2,914820.6447,873725.5075,964815.9249,935741.3616,889996.3941,1038201.535,1267524.997,539845.7354,1123312.057,1593948.81,1382848.928,766454.8391,1369445.338,1253746.254,1274185.615,1681274.113,1322259.559,1103992.132,962739.795,1625051.368,1529479.352,1875703.472,1010980.736,901210.4682,17958.7525,1394940.649,1550029.693,858062.7671],"err":[50194.66224,55083.21485,40157.69634,32850.98034,41061.48544,53337.67918,40320.8415,37611.59749,63261.01117,24339.08797,49598.38736,48328.18987,52102.11503,26310.75719,52205.4595,44419.99437,45371.96581,70184.97131,49617.68857,41602.18763,38129.87085,78343.94002,52800.28143,65621.4907,51354.97794,36977.51232,2362.439353,48609.42135,52993.99037,37218.82416]}},"P":{"31":{"signal":[18501695.47,19501906.94,21458871.92,20698321.56,21387170.22,22001257.36,10127836.59,12234068.95,13615936.43,6069140.847,12949440.52,18762113.84,15956763.82,8589185.417,15690684.33,14406427.34,15029790.23,19905618.16,15454310.67,12738254.01,11201223.45,19104677.59,17403274.52,21645531.3,11714897.1,10578604.87,270863.0878,16219338.75,17579762,9884176.06],"err":[1234997.344,1421750.789,869306.7867,1136826.584,1329803.219,815871.7641,430583.273,531542.6411,811392.0868,256973.8987,687033.9598,728791.1995,703310.2534,323291.8303,569379.2473,744446.5922,820488.184,796776.6647,934724.4221,615782.0147,537278.212,927382.8784,871502.9898,982901.9949,533163.2795,415937.6789,61024.16213,1040253.641,930687.3621,507555.415]}},"Si":{"29":{"signal":[576999.8593,622419.7,585882.3528,568574.8474,681091.2203,643755.7451,563904.1001,530222.4606,632944.3188,538456.1456,606466.0666,511365.7537,535456.3865,555341.1615,592943.6219,595739.0368,633230.6744,572598.4454,515235.1565,542171.4275,525657.9372,530302.1218,578017.4447,631845.6553,585971.6272,541848.7665,488377.0857,510676.8541,508114.1935,533071.729],"err":[49398.36551,54778.19859,60723.81114,45776.61171,55864.49162,51414.94652,54448.72863,53443.8108,48381.36285,48457.6795,46995.50442,47878.49828,40288.92244,48878.15863,46231.67651,46026.08461,39839.69831,151922.448,39352.94402,40591.4426,46807.94707,44829.16345,39661.79895,161881.7018,40996.47449,40230.68323,41092.25156,43296.94423,47994.96449,40413.76822]}},"Cl":{"35":{"signal":[277962.8053,313890.1112,372018.1551,361577.2366,367182.7179,365056.2144,715182.0693,706452.9174,680945.0846,709914.5946,868800.2651,734099.8696,714502.5571,716463.3338,715389.6294,699077.6994,655421.6144,695450.0615,669649.5999,688058.0688,668053.5656,680270.0371,713537.4549,686304.0704,713724.005,691146.8626,671890.3449,710114.3416,669704.7653,719615.9718],