{"settings":{"mineral":"apatite","habit":"hexagonal (2T)","standardson":"off"},"prefix":"SS","std":{"Ca":{"isotope":null,"conc":null,"ratio":null},"P":{"isotope":null,"conc":null,"ratio":null},"Si":{"isotope":null,"conc":null,"ratio":null},"Zr":{"isotope":null,"conc":null,"ratio":null},"Hf":{"isotope":null,"conc":null,"ratio":null},"Sr":{"isotope":null,"conc":null,"ratio":null},"Mn":{"isotope":null,"conc":null,"ratio":null},"Y":{"isotope":null,"conc":null,"ratio":null},"Cl":{"isotope":null,"conc":null,"ratio":null},"Sm":{"isotope":null,"conc":null,"ratio":null}},"spk":{"U":{"isotope":235,"conc":25.87,"ratio":16.2},"Th":{"isotope":230,"conc":32.78,"ratio":250},"Sm":{"isotope":null,"conc":null,"ratio":null}},"smp":{"sname":["DUR35","DUR36","DUR37","DUR38","B201","B202","B203","B204","B205","B206","B207","B208","B209","B210","B211","B212","B213","B214","B215","B216","B217","B218","B219","B220"],"spkvol":["0.0533","0.0539","0.0575","0.0536","0.0537","0.0544","0.0549","0.0542","0.0546","0.055","0.0545","0.0536","0.0538","0.0563","0.0539","0.0545","0.0537","0.0542","0.0539","0.0541","0.0537","0.0547","0.0546","0.0538"],"length":["","","","","182.8","236.2","201.4","171.4","200.6","265.5","198.6","258.3","207.3","216.3","182","224.2","232.2","231.5","236.5","196.1","193.9","214.1","209.5","190.3"],"width":["","","","","97.2","104.5","107.6","87.8","105.6","92","95.6","102.2","110.5","103.8","104.6","118.7","101.8","121.9","86.3","78.5","86.5","102","107.2","90.7"],"height":["","","","","91.4","100.7","101","87.5","100.9","90","90.8","90.4","101.6","90.5","95.6","110.6","95.2","110.7","85.6","86.4","90.4","98.7","102.4","90"],"HEdat":{"He":{"4":{"signal":[0.7675,1.0069,1.0928,0.4272,0.0229,0.0445,0.0213,0.0079,0.0214,0.0471,0.0156,0.055,0.0273,0.0145,0.0122,0.0044,0.1645,0.0384,0.0407,0.0268,0.0011,0.0214,0.015,0.0108],"err":[0.0058,0.007553807,0.008149847,0.003420526,0.001272792,0.001345362,0.001272792,0.001272792,0.001272792,0.001345362,0.001272792,0.001345362,0.001272792,0.001272792,0.001272792,0.001272792,0.001802776,0.001345362,0.001414214,0.001414214,0.001272792,0.001345362,0.001345362,0.001272792]}}},"ICPdat":{"U":{"235":{"signal":[150047.3541,146316.8006,156392.8993,145480.3907,145999.4928,146931.2046,148570.4763,147949.3346,148551.6531,148947.9819,147394.7622,145989.6135,146291.1251,151700.7632,145965.5338,145914.6088,145597.8728,146486.5924,147173.81,148003.6318,145362.8675,146914.2969,148984.4974,145617.7353],"err":[1878.627382,2065.556508,1984.572424,2266.13858,2030.116817,2326.729833,1781.157787,1726.841084,2010.089141,2301.942664,1724.423152,2123.128972,1586.852924,1859.991887,1785.722972,2377.254779,1931.445722,2000.5993,2015.123142,1945.575074,1938.192178,2079.066302,1947.013258,2124.427446]},"238":{"signal":[25579.22926,30775.40956,34765.47515,19642.03676,30746.01824,38497.14897,31147.45059,11405.67956,41290.3525,43377.31809,25468.02088,67368.97147,28139.91074,29914.22544,23720.04765,19841.84029,49744.23,51531.03662,62148.44515,32080.915,9027.028824,43627.11324,21538.95441,23431.97721],"err":[608.9775273,591.8935491,790.2099974,532.9684933,659.6044378,760.631039,604.1264439,422.9852025,1022.62244,920.7505771,574.9615647,1200.400801,622.2612358,666.8443248,538.4266122,504.374717,950.7922135,932.2453422,1088.96543,793.1686954,295.2475606,943.5469939,533.0847885,552.1020528]}},"Th":{"230":{"signal":[177306.7637,173416.441,184810.6766,172545.575,170652.8043,171214.8691,173696.8307,172175.7888,174016.259,175141.8247,173483.8949,171327.9088,171632.7893,179485.3924,170738.1562,172273.7141,169706.9596,172991.0056,170097.9787,174355.1806,170213.299,173306.8428,174924.3425,171347.4849],"err":[2050.337543,1823.748707,2145.242758,2030.236144,2447.04597,1894.095701,2182.847736,2483.222064,2440.588406,2025.830789,2268.226561,2149.863505,2504.921271,2162.24038,2040.497841,1948.999068,2001.651349,2093.339607,2153.352438,2016.679314,2128.067384,1868.335789,1985.502098,2215.570777]},"232":{"signal":[304326.3051,391098.3672,426161.3731,166539.4435,17448.05824,38813.22044,13225.58221,13802.53897,21406.87618,78101.82176,12912.60765,38281.87044,13180.39956,18106.505,5763.017794,25559.69574,55644.99676,51000.38162,21617.89294,51751.67029,4948.334853,41678.59882,7510.650441,22097.58794],"err":[4069.691458,3702.315207,5234.92863,2455.611544,460.7898461,850.3922015,389.6280758,474.3767028,480.9035833,1293.749373,394.8528912,719.9149719,431.6987969,449.2450007,265.6929972,619.4206896,1018.845917,947.1954435,492.0148549,931.5989434,213.3915594,735.9911962,250.899361,509.8436237]}}}}}